loop_name,AI,TFLOPS
update_loop,375000000000.0000000000,0.0550795692
convergence_loop,0.1250000000,0.0000092550
